OddsportalID,URL,HomeTeam,AwayTeam,Name,EventStageName,TournamentStageName,TournamentName,Date,DateStartTimestamp,Result,HomeResult,AwayResult,Partialresult,Market,Bookmaker,Line,LineValue,Odd,OpeningOdd,OddsHistory
3636908,/hockey/usa/nhl-2018-2019/boston-bruins-st-louis-blues-UDgSLaDe/,BOS,STL,Boston Bruins - St. Louis Blues,Finished," - Play Offs",NHL 2018/2019,2019-06-13 03:00,1560384000,1:4,1,4,"0:2, 0:0, 1:2",AH-FT,1xBet,-4.5,1,14,{ 0},
3636908,/hockey/usa/nhl-2018-2019/boston-bruins-st-louis-blues-UDgSLaDe/,BOS,STL,Boston Bruins - St. Louis Blues,Finished," - Play Offs",NHL 2018/2019,2019-06-13 03:00,1560384000,1:4,1,4,"0:2, 0:0, 1:2",AH-FT,1xBet,-4.5,2,1.02,{ 0},
3636908,/hockey/usa/nhl-2018-2019/boston-bruins-st-louis-blues-UDgSLaDe/,BOS,STL,Boston Bruins - St. Louis Blues,Finished," - Play Offs",NHL 2018/2019,2019-06-13 03:00,1560384000,1:4,1,4,"0:2, 0:0, 1:2",AH-FT,1xBet,-3.5,1,8.1,{ 0},
3636908,/hockey/usa/nhl-2018-2019/boston-bruins-st-louis-blues-UDgSLaDe/,BOS,STL,Boston Bruins - St. Louis Blues,Finished," - Play Offs",NHL 2018/2019,2019-06-13 03:00,1560384000,1:4,1,4,"0:2, 0:0, 1:2",AH-FT,1xBet,-3.5,2,1.08,{ 0},
3636908,/hockey/usa/nhl-2018-2019/boston-bruins-st-louis-blues-UDgSLaDe/,BOS,STL,Boston Bruins - St. Louis Blues,Finished," - Play Offs",NHL 2018/2019,2019-06-13 03:00,1560384000,1:4,1,4,"0:2, 0:0, 1:2",AH-FT,Unibet,-3.5,1,7.5,{ 0},
3636908,/hockey/usa/nhl-2018-2019/boston-bruins-st-louis-blues-UDgSLaDe/,BOS,STL,Boston Bruins - St. Louis Blues,Finished," - Play Offs",NHL 2018/2019,2019-06-13 03:00,1560384000,1:4,1,4,"0:2, 0:0, 1:2",AH-FT,Unibet,-3.5,2,1.1,{ 0},
3636908,/hockey/usa/nhl-2018-2019/boston-bruins-st-louis-blues-UDgSLaDe/,BOS,STL,Boston Bruins - St. Louis Blues,Finished," - Play Offs",NHL 2018/2019,2019-06-13 03:00,1560384000,1:4,1,4,"0:2, 0:0, 1:2",AH-FT,1xBet,-3,1,6.2,{ 0},
3636908,/hockey/usa/nhl-2018-2019/boston-bruins-st-louis-blues-UDgSLaDe/,BOS,STL,Boston Bruins - St. Louis Blues,Finished," - Play Offs",NHL 2018/2019,2019-06-13 03:00,1560384000,1:4,1,4,"0:2, 0:0, 1:2",AH-FT,1xBet,-3,2,1.1,{ 0},
3636908,/hockey/usa/nhl-2018-2019/boston-bruins-st-louis-blues-UDgSLaDe/,BOS,STL,Boston Bruins - St. Louis Blues,Finished," - Play Offs",NHL 2018/2019,2019-06-13 03:00,1560384000,1:4,1,4,"0:2, 0:0, 1:2",AH-FT,Unibet,-3,1,6.5,{ 0},
3636908,/hockey/usa/nhl-2018-2019/boston-bruins-st-louis-blues-UDgSLaDe/,BOS,STL,Boston Bruins - St. Louis Blues,Finished," - Play Offs",NHL 2018/2019,2019-06-13 03:00,1560384000,1:4,1,4,"0:2, 0:0, 1:2",AH-FT,Unibet,-3,2,1.11,{ 0},
3636908,/hockey/usa/nhl-2018-2019/boston-bruins-st-louis-blues-UDgSLaDe/,BOS,STL,Boston Bruins - St. Louis Blues,Finished," - Play Offs",NHL 2018/2019,2019-06-13 03:00,1560384000,1:4,1,4,"0:2, 0:0, 1:2",AH-FT,1xBet,-2.5,1,3.62,{ 0},
3636908,/hockey/usa/nhl-2018-2019/boston-bruins-st-louis-blues-UDgSLaDe/,BOS,STL,Boston Bruins - St. Louis Blues,Finished," - Play Offs",NHL 2018/2019,2019-06-13 03:00,1560384000,1:4,1,4,"0:2, 0:0, 1:2",AH-FT,1xBet,-2.5,2,1.27,{ 0},
3636908,/hockey/usa/nhl-2018-2019/boston-bruins-st-louis-blues-UDgSLaDe/,BOS,STL,Boston Bruins - St. Louis Blues,Finished," - Play Offs",NHL 2018/2019,2019-06-13 03:00,1560384000,1:4,1,4,"0:2, 0:0, 1:2",AH-FT,Unibet,-2.5,1,3.85,{ 0},
3636908,/hockey/usa/nhl-2018-2019/boston-bruins-st-louis-blues-UDgSLaDe/,BOS,STL,Boston Bruins - St. Louis Blues,Finished," - Play Offs",NHL 2018/2019,2019-06-13 03:00,1560384000,1:4,1,4,"0:2, 0:0, 1:2",AH-FT,Unibet,-2.5,2,1.25,{ 0},
3636908,/hockey/usa/nhl-2018-2019/boston-bruins-st-louis-blues-UDgSLaDe/,BOS,STL,Boston Bruins - St. Louis Blues,Finished," - Play Offs",NHL 2018/2019,2019-06-13 03:00,1560384000,1:4,1,4,"0:2, 0:0, 1:2",AH-FT,1xBet,-2,1,3.24,{ 0},
3636908,/hockey/usa/nhl-2018-2019/boston-bruins-st-louis-blues-UDgSLaDe/,BOS,STL,Boston Bruins - St. Louis Blues,Finished," - Play Offs",NHL 2018/2019,2019-06-13 03:00,1560384000,1:4,1,4,"0:2, 0:0, 1:2",AH-FT,1xBet,-2,2,1.33,{ 0},
3636908,/hockey/usa/nhl-2018-2019/boston-bruins-st-louis-blues-UDgSLaDe/,BOS,STL,Boston Bruins - St. Louis Blues,Finished," - Play Offs",NHL 2018/2019,2019-06-13 03:00,1560384000,1:4,1,4,"0:2, 0:0, 1:2",AH-FT,Unibet,-2,1,3.45,{ 0},
3636908,/hockey/usa/nhl-2018-2019/boston-bruins-st-louis-blues-UDgSLaDe/,BOS,STL,Boston Bruins - St. Louis Blues,Finished," - Play Offs",NHL 2018/2019,2019-06-13 03:00,1560384000,1:4,1,4,"0:2, 0:0, 1:2",AH-FT,Unibet,-2,2,1.3,{ 0},
3636908,/hockey/usa/nhl-2018-2019/boston-bruins-st-louis-blues-UDgSLaDe/,BOS,STL,Boston Bruins - St. Louis Blues,Finished," - Play Offs",NHL 2018/2019,2019-06-13 03:00,1560384000,1:4,1,4,"0:2, 0:0, 1:2",AH-FT,1xBet,-1.75,1,2.89,{ 0},
3636908,/hockey/usa/nhl-2018-2019/boston-bruins-st-louis-blues-UDgSLaDe/,BOS,STL,Boston Bruins - St. Louis Blues,Finished," - Play Offs",NHL 2018/2019,2019-06-13 03:00,1560384000,1:4,1,4,"0:2, 0:0, 1:2",AH-FT,1xBet,-1.75,2,1.41,{ 0},
3636908,/hockey/usa/nhl-2018-2019/boston-bruins-st-louis-blues-UDgSLaDe/,BOS,STL,Boston Bruins - St. Louis Blues,Finished," - Play Offs",NHL 2018/2019,2019-06-13 03:00,1560384000,1:4,1,4,"0:2, 0:0, 1:2",AH-FT,1xBet,-1.5,1,2.45,{ 0},
3636908,/hockey/usa/nhl-2018-2019/boston-bruins-st-louis-blues-UDgSLaDe/,BOS,STL,Boston Bruins - St. Louis Blues,Finished," - Play Offs",NHL 2018/2019,2019-06-13 03:00,1560384000,1:4,1,4,"0:2, 0:0, 1:2",AH-FT,1xBet,-1.5,2,1.55,{ 0},
3636908,/hockey/usa/nhl-2018-2019/boston-bruins-st-louis-blues-UDgSLaDe/,BOS,STL,Boston Bruins - St. Louis Blues,Finished," - Play Offs",NHL 2018/2019,2019-06-13 03:00,1560384000,1:4,1,4,"0:2, 0:0, 1:2",AH-FT,Unibet,-1.5,1,2.55,{ 0},
3636908,/hockey/usa/nhl-2018-2019/boston-bruins-st-louis-blues-UDgSLaDe/,BOS,STL,Boston Bruins - St. Louis Blues,Finished," - Play Offs",NHL 2018/2019,2019-06-13 03:00,1560384000,1:4,1,4,"0:2, 0:0, 1:2",AH-FT,Unibet,-1.5,2,1.55,{ 0},
3636908,/hockey/usa/nhl-2018-2019/boston-bruins-st-louis-blues-UDgSLaDe/,BOS,STL,Boston Bruins - St. Louis Blues,Finished," - Play Offs",NHL 2018/2019,2019-06-13 03:00,1560384000,1:4,1,4,"0:2, 0:0, 1:2",AH-FT,1xBet,-1.25,1,2.41,{ 0},
3636908,/hockey/usa/nhl-2018-2019/boston-bruins-st-louis-blues-UDgSLaDe/,BOS,STL,Boston Bruins - St. Louis Blues,Finished," - Play Offs",NHL 2018/2019,2019-06-13 03:00,1560384000,1:4,1,4,"0:2, 0:0, 1:2",AH-FT,1xBet,-1.25,2,1.55,{ 0},
3636908,/hockey/usa/nhl-2018-2019/boston-bruins-st-louis-blues-UDgSLaDe/,BOS,STL,Boston Bruins - St. Louis Blues,Finished," - Play Offs",NHL 2018/2019,2019-06-13 03:00,1560384000,1:4,1,4,"0:2, 0:0, 1:2",AH-FT,1xBet,-1,1,2.18,{ 0},
3636908,/hockey/usa/nhl-2018-2019/boston-bruins-st-louis-blues-UDgSLaDe/,BOS,STL,Boston Bruins - St. Louis Blues,Finished," - Play Offs",NHL 2018/2019,2019-06-13 03:00,1560384000,1:4,1,4,"0:2, 0:0, 1:2",AH-FT,1xBet,-1,2,1.75,{ 0},
3636908,/hockey/usa/nhl-2018-2019/boston-bruins-st-louis-blues-UDgSLaDe/,BOS,STL,Boston Bruins - St. Louis Blues,Finished," - Play Offs",NHL 2018/2019,2019-06-13 03:00,1560384000,1:4,1,4,"0:2, 0:0, 1:2",AH-FT,Unibet,-1,1,2.28,{ 0},
3636908,/hockey/usa/nhl-2018-2019/boston-bruins-st-louis-blues-UDgSLaDe/,BOS,STL,Boston Bruins - St. Louis Blues,Finished," - Play Offs",NHL 2018/2019,2019-06-13 03:00,1560384000,1:4,1,4,"0:2, 0:0, 1:2",AH-FT,Unibet,-1,2,1.64,{ 0},
3636908,/hockey/usa/nhl-2018-2019/boston-bruins-st-louis-blues-UDgSLaDe/,BOS,STL,Boston Bruins - St. Louis Blues,Finished," - Play Offs",NHL 2018/2019,2019-06-13 03:00,1560384000,1:4,1,4,"0:2, 0:0, 1:2",AH-FT,1xBet,-0.75,1,2.13,{ 0},
3636908,/hockey/usa/nhl-2018-2019/boston-bruins-st-louis-blues-UDgSLaDe/,BOS,STL,Boston Bruins - St. Louis Blues,Finished," - Play Offs",NHL 2018/2019,2019-06-13 03:00,1560384000,1:4,1,4,"0:2, 0:0, 1:2",AH-FT,1xBet,-0.75,2,1.7,{ 0},
3636908,/hockey/usa/nhl-2018-2019/boston-bruins-st-louis-blues-UDgSLaDe/,BOS,STL,Boston Bruins - St. Louis Blues,Finished," - Play Offs",NHL 2018/2019,2019-06-13 03:00,1560384000,1:4,1,4,"0:2, 0:0, 1:2",AH-FT,Pinnacle,-0.5,1,1.93,{ 0},
3636908,/hockey/usa/nhl-2018-2019/boston-bruins-st-louis-blues-UDgSLaDe/,BOS,STL,Boston Bruins - St. Louis Blues,Finished," - Play Offs",NHL 2018/2019,2019-06-13 03:00,1560384000,1:4,1,4,"0:2, 0:0, 1:2",AH-FT,Pinnacle,-0.5,2,1.97,{ 0},
3636908,/hockey/usa/nhl-2018-2019/boston-bruins-st-louis-blues-UDgSLaDe/,BOS,STL,Boston Bruins - St. Louis Blues,Finished," - Play Offs",NHL 2018/2019,2019-06-13 03:00,1560384000,1:4,1,4,"0:2, 0:0, 1:2",AH-FT,1xBet,-0.25,1,1.82,{ 0},
3636908,/hockey/usa/nhl-2018-2019/boston-bruins-st-louis-blues-UDgSLaDe/,BOS,STL,Boston Bruins - St. Louis Blues,Finished," - Play Offs",NHL 2018/2019,2019-06-13 03:00,1560384000,1:4,1,4,"0:2, 0:0, 1:2",AH-FT,1xBet,-0.25,2,2.08,{ 0},
3636908,/hockey/usa/nhl-2018-2019/boston-bruins-st-louis-blues-UDgSLaDe/,BOS,STL,Boston Bruins - St. Louis Blues,Finished," - Play Offs",NHL 2018/2019,2019-06-13 03:00,1560384000,1:4,1,4,"0:2, 0:0, 1:2",AH-FT,1xBet,0,1,1.43,{ 0},
3636908,/hockey/usa/nhl-2018-2019/boston-bruins-st-louis-blues-UDgSLaDe/,BOS,STL,Boston Bruins - St. Louis Blues,Finished," - Play Offs",NHL 2018/2019,2019-06-13 03:00,1560384000,1:4,1,4,"0:2, 0:0, 1:2",AH-FT,1xBet,0,2,2.83,{ 0},
3636908,/hockey/usa/nhl-2018-2019/boston-bruins-st-louis-blues-UDgSLaDe/,BOS,STL,Boston Bruins - St. Louis Blues,Finished," - Play Offs",NHL 2018/2019,2019-06-13 03:00,1560384000,1:4,1,4,"0:2, 0:0, 1:2",AH-FT,1xBet,+0.25,1,1.37,{ 0},
3636908,/hockey/usa/nhl-2018-2019/boston-bruins-st-louis-blues-UDgSLaDe/,BOS,STL,Boston Bruins - St. Louis Blues,Finished," - Play Offs",NHL 2018/2019,2019-06-13 03:00,1560384000,1:4,1,4,"0:2, 0:0, 1:2",AH-FT,1xBet,+0.25,2,3.07,{ 0},
3636908,/hockey/usa/nhl-2018-2019/boston-bruins-st-louis-blues-UDgSLaDe/,BOS,STL,Boston Bruins - St. Louis Blues,Finished," - Play Offs",NHL 2018/2019,2019-06-13 03:00,1560384000,1:4,1,4,"0:2, 0:0, 1:2",AH-FT,Pinnacle,+0.5,1,1.34,{ 0},
3636908,/hockey/usa/nhl-2018-2019/boston-bruins-st-louis-blues-UDgSLaDe/,BOS,STL,Boston Bruins - St. Louis Blues,Finished," - Play Offs",NHL 2018/2019,2019-06-13 03:00,1560384000,1:4,1,4,"0:2, 0:0, 1:2",AH-FT,Pinnacle,+0.5,2,3.6,{ 0},
3636908,/hockey/usa/nhl-2018-2019/boston-bruins-st-louis-blues-UDgSLaDe/,BOS,STL,Boston Bruins - St. Louis Blues,Finished," - Play Offs",NHL 2018/2019,2019-06-13 03:00,1560384000,1:4,1,4,"0:2, 0:0, 1:2",AH-FT,1xBet,+0.75,1,1.25,{ 0},
3636908,/hockey/usa/nhl-2018-2019/boston-bruins-st-louis-blues-UDgSLaDe/,BOS,STL,Boston Bruins - St. Louis Blues,Finished," - Play Offs",NHL 2018/2019,2019-06-13 03:00,1560384000,1:4,1,4,"0:2, 0:0, 1:2",AH-FT,1xBet,+0.75,2,3.86,{ 0},
3636908,/hockey/usa/nhl-2018-2019/boston-bruins-st-louis-blues-UDgSLaDe/,BOS,STL,Boston Bruins - St. Louis Blues,Finished," - Play Offs",NHL 2018/2019,2019-06-13 03:00,1560384000,1:4,1,4,"0:2, 0:0, 1:2",AH-FT,1xBet,+1,1,1.16,{ 0},
3636908,/hockey/usa/nhl-2018-2019/boston-bruins-st-louis-blues-UDgSLaDe/,BOS,STL,Boston Bruins - St. Louis Blues,Finished," - Play Offs",NHL 2018/2019,2019-06-13 03:00,1560384000,1:4,1,4,"0:2, 0:0, 1:2",AH-FT,1xBet,+1,2,5.05,{ 0},
3636908,/hockey/usa/nhl-2018-2019/boston-bruins-st-louis-blues-UDgSLaDe/,BOS,STL,Boston Bruins - St. Louis Blues,Finished," - Play Offs",NHL 2018/2019,2019-06-13 03:00,1560384000,1:4,1,4,"0:2, 0:0, 1:2",AH-FT,Unibet,+1,1,1.19,{ 0},
3636908,/hockey/usa/nhl-2018-2019/boston-bruins-st-louis-blues-UDgSLaDe/,BOS,STL,Boston Bruins - St. Louis Blues,Finished," - Play Offs",NHL 2018/2019,2019-06-13 03:00,1560384000,1:4,1,4,"0:2, 0:0, 1:2",AH-FT,Unibet,+1,2,4.8,{ 0},
3636908,/hockey/usa/nhl-2018-2019/boston-bruins-st-louis-blues-UDgSLaDe/,BOS,STL,Boston Bruins - St. Louis Blues,Finished," - Play Offs",NHL 2018/2019,2019-06-13 03:00,1560384000,1:4,1,4,"0:2, 0:0, 1:2",AH-FT,1xBet,+1.5,1,1.14,{ 0},
3636908,/hockey/usa/nhl-2018-2019/boston-bruins-st-louis-blues-UDgSLaDe/,BOS,STL,Boston Bruins - St. Louis Blues,Finished," - Play Offs",NHL 2018/2019,2019-06-13 03:00,1560384000,1:4,1,4,"0:2, 0:0, 1:2",AH-FT,1xBet,+1.5,2,5.4,{ 0},
3636908,/hockey/usa/nhl-2018-2019/boston-bruins-st-louis-blues-UDgSLaDe/,BOS,STL,Boston Bruins - St. Louis Blues,Finished," - Play Offs",NHL 2018/2019,2019-06-13 03:00,1560384000,1:4,1,4,"0:2, 0:0, 1:2",AH-FT,Unibet,+1.5,1,1.17,{ 0},
3636908,/hockey/usa/nhl-2018-2019/boston-bruins-st-louis-blues-UDgSLaDe/,BOS,STL,Boston Bruins - St. Louis Blues,Finished," - Play Offs",NHL 2018/2019,2019-06-13 03:00,1560384000,1:4,1,4,"0:2, 0:0, 1:2",AH-FT,Unibet,+1.5,2,5.25,{ 0},
3636908,/hockey/usa/nhl-2018-2019/boston-bruins-st-louis-blues-UDgSLaDe/,BOS,STL,Boston Bruins - St. Louis Blues,Finished," - Play Offs",NHL 2018/2019,2019-06-13 03:00,1560384000,1:4,1,4,"0:2, 0:0, 1:2",AH-FT,1xBet,+2,1,1.09,{ 0},
3636908,/hockey/usa/nhl-2018-2019/boston-bruins-st-louis-blues-UDgSLaDe/,BOS,STL,Boston Bruins - St. Louis Blues,Finished," - Play Offs",NHL 2018/2019,2019-06-13 03:00,1560384000,1:4,1,4,"0:2, 0:0, 1:2",AH-FT,1xBet,+2,2,6.75,{ 0},
3636908,/hockey/usa/nhl-2018-2019/boston-bruins-st-louis-blues-UDgSLaDe/,BOS,STL,Boston Bruins - St. Louis Blues,Finished," - Play Offs",NHL 2018/2019,2019-06-13 03:00,1560384000,1:4,1,4,"0:2, 0:0, 1:2",AH-FT,Unibet,+2,1,1.1,{ 0},
3636908,/hockey/usa/nhl-2018-2019/boston-bruins-st-louis-blues-UDgSLaDe/,BOS,STL,Boston Bruins - St. Louis Blues,Finished," - Play Offs",NHL 2018/2019,2019-06-13 03:00,1560384000,1:4,1,4,"0:2, 0:0, 1:2",AH-FT,Unibet,+2,2,7.5,{ 0},
3636908,/hockey/usa/nhl-2018-2019/boston-bruins-st-louis-blues-UDgSLaDe/,BOS,STL,Boston Bruins - St. Louis Blues,Finished," - Play Offs",NHL 2018/2019,2019-06-13 03:00,1560384000,1:4,1,4,"0:2, 0:0, 1:2",AH-FT,1xBet,+2.5,1,1.08,{ 0},
3636908,/hockey/usa/nhl-2018-2019/boston-bruins-st-louis-blues-UDgSLaDe/,BOS,STL,Boston Bruins - St. Louis Blues,Finished," - Play Offs",NHL 2018/2019,2019-06-13 03:00,1560384000,1:4,1,4,"0:2, 0:0, 1:2",AH-FT,1xBet,+2.5,2,7.8,{ 0},
3636908,/hockey/usa/nhl-2018-2019/boston-bruins-st-louis-blues-UDgSLaDe/,BOS,STL,Boston Bruins - St. Louis Blues,Finished," - Play Offs",NHL 2018/2019,2019-06-13 03:00,1560384000,1:4,1,4,"0:2, 0:0, 1:2",AH-FT,Unibet,+2.5,1,1.09,{ 0},
3636908,/hockey/usa/nhl-2018-2019/boston-bruins-st-louis-blues-UDgSLaDe/,BOS,STL,Boston Bruins - St. Louis Blues,Finished," - Play Offs",NHL 2018/2019,2019-06-13 03:00,1560384000,1:4,1,4,"0:2, 0:0, 1:2",AH-FT,Unibet,+2.5,2,8.5,{ 0},
3636908,/hockey/usa/nhl-2018-2019/boston-bruins-st-louis-blues-UDgSLaDe/,BOS,STL,Boston Bruins - St. Louis Blues,Finished," - Play Offs",NHL 2018/2019,2019-06-13 03:00,1560384000,1:4,1,4,"0:2, 0:0, 1:2",AH-FT,1xBet,+3.5,1,1.02,{ 0},
3636908,/hockey/usa/nhl-2018-2019/boston-bruins-st-louis-blues-UDgSLaDe/,BOS,STL,Boston Bruins - St. Louis Blues,Finished," - Play Offs",NHL 2018/2019,2019-06-13 03:00,1560384000,1:4,1,4,"0:2, 0:0, 1:2",AH-FT,1xBet,+3.5,2,13.5,{ 0},
3636908,/hockey/usa/nhl-2018-2019/boston-bruins-st-louis-blues-UDgSLaDe/,BOS,STL,Boston Bruins - St. Louis Blues,Finished," - Play Offs",NHL 2018/2019,2019-06-13 03:00,1560384000,1:4,1,4,"0:2, 0:0, 1:2",AH-ML,bet365,-1.5,1,2.55,{ 0},
3636908,/hockey/usa/nhl-2018-2019/boston-bruins-st-louis-blues-UDgSLaDe/,BOS,STL,Boston Bruins - St. Louis Blues,Finished," - Play Offs",NHL 2018/2019,2019-06-13 03:00,1560384000,1:4,1,4,"0:2, 0:0, 1:2",AH-ML,bet365,-1.5,2,1.57,{ 0},
3636908,/hockey/usa/nhl-2018-2019/boston-bruins-st-louis-blues-UDgSLaDe/,BOS,STL,Boston Bruins - St. Louis Blues,Finished," - Play Offs",NHL 2018/2019,2019-06-13 03:00,1560384000,1:4,1,4,"0:2, 0:0, 1:2",AH-ML,Pinnacle,-1.5,1,2.57,{ 0},
3636908,/hockey/usa/nhl-2018-2019/boston-bruins-st-louis-blues-UDgSLaDe/,BOS,STL,Boston Bruins - St. Louis Blues,Finished," - Play Offs",NHL 2018/2019,2019-06-13 03:00,1560384000,1:4,1,4,"0:2, 0:0, 1:2",AH-ML,Pinnacle,-1.5,2,1.57,{ 0},
3636908,/hockey/usa/nhl-2018-2019/boston-bruins-st-louis-blues-UDgSLaDe/,BOS,STL,Boston Bruins - St. Louis Blues,Finished," - Play Offs",NHL 2018/2019,2019-06-13 03:00,1560384000,1:4,1,4,"0:2, 0:0, 1:2",AH-ML,William Hill,-1.5,1,2.65,{ 0},
3636908,/hockey/usa/nhl-2018-2019/boston-bruins-st-louis-blues-UDgSLaDe/,BOS,STL,Boston Bruins - St. Louis Blues,Finished," - Play Offs",NHL 2018/2019,2019-06-13 03:00,1560384000,1:4,1,4,"0:2, 0:0, 1:2",AH-ML,William Hill,-1.5,2,1.54,{ 0},
3636908,/hockey/usa/nhl-2018-2019/boston-bruins-st-louis-blues-UDgSLaDe/,BOS,STL,Boston Bruins - St. Louis Blues,Finished," - Play Offs",NHL 2018/2019,2019-06-13 03:00,1560384000,1:4,1,4,"0:2, 0:0, 1:2",AH-ML,Pinnacle,-1.25,1,2.27,{ 0},
3636908,/hockey/usa/nhl-2018-2019/boston-bruins-st-louis-blues-UDgSLaDe/,BOS,STL,Boston Bruins - St. Louis Blues,Finished," - Play Offs",NHL 2018/2019,2019-06-13 03:00,1560384000,1:4,1,4,"0:2, 0:0, 1:2",AH-ML,Pinnacle,-1.25,2,1.71,{ 0},
3636908,/hockey/usa/nhl-2018-2019/boston-bruins-st-louis-blues-UDgSLaDe/,BOS,STL,Boston Bruins - St. Louis Blues,Finished," - Play Offs",NHL 2018/2019,2019-06-13 03:00,1560384000,1:4,1,4,"0:2, 0:0, 1:2",AH-ML,Pinnacle,-1,1,1.96,{ 0},
3636908,/hockey/usa/nhl-2018-2019/boston-bruins-st-louis-blues-UDgSLaDe/,BOS,STL,Boston Bruins - St. Louis Blues,Finished," - Play Offs",NHL 2018/2019,2019-06-13 03:00,1560384000,1:4,1,4,"0:2, 0:0, 1:2",AH-ML,Pinnacle,-1,2,1.94,{ 0},
3636908,/hockey/usa/nhl-2018-2019/boston-bruins-st-louis-blues-UDgSLaDe/,BOS,STL,Boston Bruins - St. Louis Blues,Finished," - Play Offs",NHL 2018/2019,2019-06-13 03:00,1560384000,1:4,1,4,"0:2, 0:0, 1:2",AH-ML,Pinnacle,-0.75,1,1.72,{ 0},
3636908,/hockey/usa/nhl-2018-2019/boston-bruins-st-louis-blues-UDgSLaDe/,BOS,STL,Boston Bruins - St. Louis Blues,Finished," - Play Offs",NHL 2018/2019,2019-06-13 03:00,1560384000,1:4,1,4,"0:2, 0:0, 1:2",AH-ML,Pinnacle,-0.75,2,2.25,{ 0},
3636908,/hockey/usa/nhl-2018-2019/boston-bruins-st-louis-blues-UDgSLaDe/,BOS,STL,Boston Bruins - St. Louis Blues,Finished," - Play Offs",NHL 2018/2019,2019-06-13 03:00,1560384000,1:4,1,4,"0:2, 0:0, 1:2",AH-ML,Pinnacle,+1.5,1,1.2,{ 0},
3636908,/hockey/usa/nhl-2018-2019/boston-bruins-st-louis-blues-UDgSLaDe/,BOS,STL,Boston Bruins - St. Louis Blues,Finished," - Play Offs",NHL 2018/2019,2019-06-13 03:00,1560384000,1:4,1,4,"0:2, 0:0, 1:2",AH-ML,Pinnacle,+1.5,2,5.1,{ 0},
3636908,/hockey/usa/nhl-2018-2019/boston-bruins-st-louis-blues-UDgSLaDe/,BOS,STL,Boston Bruins - St. Louis Blues,Finished," - Play Offs",NHL 2018/2019,2019-06-13 03:00,1560384000,1:4,1,4,"0:2, 0:0, 1:2",DC,1xBet,DC,1X,1.29,{ 0},
3636908,/hockey/usa/nhl-2018-2019/boston-bruins-st-louis-blues-UDgSLaDe/,BOS,STL,Boston Bruins - St. Louis Blues,Finished," - Play Offs",NHL 2018/2019,2019-06-13 03:00,1560384000,1:4,1,4,"0:2, 0:0, 1:2",DC,1xBet,DC,12,1.25,{ 0},
3636908,/hockey/usa/nhl-2018-2019/boston-bruins-st-louis-blues-UDgSLaDe/,BOS,STL,Boston Bruins - St. Louis Blues,Finished," - Play Offs",NHL 2018/2019,2019-06-13 03:00,1560384000,1:4,1,4,"0:2, 0:0, 1:2",DC,1xBet,DC,X2,1.98,{ 0},
3636908,/hockey/usa/nhl-2018-2019/boston-bruins-st-louis-blues-UDgSLaDe/,BOS,STL,Boston Bruins - St. Louis Blues,Finished," - Play Offs",NHL 2018/2019,2019-06-13 03:00,1560384000,1:4,1,4,"0:2, 0:0, 1:2",DC,bet-at-home,DC,1X,1.22,{ 0},
3636908,/hockey/usa/nhl-2018-2019/boston-bruins-st-louis-blues-UDgSLaDe/,BOS,STL,Boston Bruins - St. Louis Blues,Finished," - Play Offs",NHL 2018/2019,2019-06-13 03:00,1560384000,1:4,1,4,"0:2, 0:0, 1:2",DC,bet-at-home,DC,12,1.19,{ 0},
3636908,/hockey/usa/nhl-2018-2019/boston-bruins-st-louis-blues-UDgSLaDe/,BOS,STL,Boston Bruins - St. Louis Blues,Finished," - Play Offs",NHL 2018/2019,2019-06-13 03:00,1560384000,1:4,1,4,"0:2, 0:0, 1:2",DC,bet-at-home,DC,X2,1.66,{ 0},
3636908,/hockey/usa/nhl-2018-2019/boston-bruins-st-louis-blues-UDgSLaDe/,BOS,STL,Boston Bruins - St. Louis Blues,Finished," - Play Offs",NHL 2018/2019,2019-06-13 03:00,1560384000,1:4,1,4,"0:2, 0:0, 1:2",DC,bet365,DC,1X,1.23,{ 0},
3636908,/hockey/usa/nhl-2018-2019/boston-bruins-st-louis-blues-UDgSLaDe/,BOS,STL,Boston Bruins - St. Louis Blues,Finished," - Play Offs",NHL 2018/2019,2019-06-13 03:00,1560384000,1:4,1,4,"0:2, 0:0, 1:2",DC,bet365,DC,12,1.25,{ 0},
3636908,/hockey/usa/nhl-2018-2019/boston-bruins-st-louis-blues-UDgSLaDe/,BOS,STL,Boston Bruins - St. Louis Blues,Finished," - Play Offs",NHL 2018/2019,2019-06-13 03:00,1560384000,1:4,1,4,"0:2, 0:0, 1:2",DC,bet365,DC,X2,1.86,{ 0},
3636908,/hockey/usa/nhl-2018-2019/boston-bruins-st-louis-blues-UDgSLaDe/,BOS,STL,Boston Bruins - St. Louis Blues,Finished," - Play Offs",NHL 2018/2019,2019-06-13 03:00,1560384000,1:4,1,4,"0:2, 0:0, 1:2",DC,Unibet,DC,1X,1.29,{ 0},
3636908,/hockey/usa/nhl-2018-2019/boston-bruins-st-louis-blues-UDgSLaDe/,BOS,STL,Boston Bruins - St. Louis Blues,Finished," - Play Offs",NHL 2018/2019,2019-06-13 03:00,1560384000,1:4,1,4,"0:2, 0:0, 1:2",DC,Unibet,DC,12,1.23,{ 0},
3636908,/hockey/usa/nhl-2018-2019/boston-bruins-st-louis-blues-UDgSLaDe/,BOS,STL,Boston Bruins - St. Louis Blues,Finished," - Play Offs",NHL 2018/2019,2019-06-13 03:00,1560384000,1:4,1,4,"0:2, 0:0, 1:2",DC,Unibet,DC,X2,1.84,{ 0},
3636908,/hockey/usa/nhl-2018-2019/boston-bruins-st-louis-blues-UDgSLaDe/,BOS,STL,Boston Bruins - St. Louis Blues,Finished," - Play Offs",NHL 2018/2019,2019-06-13 03:00,1560384000,1:4,1,4,"0:2, 0:0, 1:2",DC,William Hill,DC,1X,1.3,{ 0},
3636908,/hockey/usa/nhl-2018-2019/boston-bruins-st-louis-blues-UDgSLaDe/,BOS,STL,Boston Bruins - St. Louis Blues,Finished," - Play Offs",NHL 2018/2019,2019-06-13 03:00,1560384000,1:4,1,4,"0:2, 0:0, 1:2",DC,William Hill,DC,12,1.18,{ 0},
3636908,/hockey/usa/nhl-2018-2019/boston-bruins-st-louis-blues-UDgSLaDe/,BOS,STL,Boston Bruins - St. Louis Blues,Finished," - Play Offs",NHL 2018/2019,2019-06-13 03:00,1560384000,1:4,1,4,"0:2, 0:0, 1:2",DC,William Hill,DC,X2,1.91,{ 0},
3636908,/hockey/usa/nhl-2018-2019/boston-bruins-st-louis-blues-UDgSLaDe/,BOS,STL,Boston Bruins - St. Louis Blues,Finished," - Play Offs",NHL 2018/2019,2019-06-13 03:00,1560384000,1:4,1,4,"0:2, 0:0, 1:2",OU-FT,Unibet,+1.5,1,1.01,{ 0},
3636908,/hockey/usa/nhl-2018-2019/boston-bruins-st-louis-blues-UDgSLaDe/,BOS,STL,Boston Bruins - St. Louis Blues,Finished," - Play Offs",NHL 2018/2019,2019-06-13 03:00,1560384000,1:4,1,4,"0:2, 0:0, 1:2",OU-FT,Unibet,+1.5,2,23,{ 0},
3636908,/hockey/usa/nhl-2018-2019/boston-bruins-st-louis-blues-UDgSLaDe/,BOS,STL,Boston Bruins - St. Louis Blues,Finished," - Play Offs",NHL 2018/2019,2019-06-13 03:00,1560384000,1:4,1,4,"0:2, 0:0, 1:2",OU-FT,Unibet,+2,1,1.02,{ 0},
3636908,/hockey/usa/nhl-2018-2019/boston-bruins-st-louis-blues-UDgSLaDe/,BOS,STL,Boston Bruins - St. Louis Blues,Finished," - Play Offs",NHL 2018/2019,2019-06-13 03:00,1560384000,1:4,1,4,"0:2, 0:0, 1:2",OU-FT,Unibet,+2,2,21,{ 0},
3636908,/hockey/usa/nhl-2018-2019/boston-bruins-st-louis-blues-UDgSLaDe/,BOS,STL,Boston Bruins - St. Louis Blues,Finished," - Play Offs",NHL 2018/2019,2019-06-13 03:00,1560384000,1:4,1,4,"0:2, 0:0, 1:2",OU-FT,1xBet,+2.5,1,1.1,{ 0},
3636908,/hockey/usa/nhl-2018-2019/boston-bruins-st-louis-blues-UDgSLaDe/,BOS,STL,Boston Bruins - St. Louis Blues,Finished," - Play Offs",NHL 2018/2019,2019-06-13 03:00,1560384000,1:4,1,4,"0:2, 0:0, 1:2",OU-FT,1xBet,+2.5,2,6,{ 0},
3636908,/hockey/usa/nhl-2018-2019/boston-bruins-st-louis-blues-UDgSLaDe/,BOS,STL,Boston Bruins - St. Louis Blues,Finished," - Play Offs",NHL 2018/2019,2019-06-13 03:00,1560384000,1:4,1,4,"0:2, 0:0, 1:2",OU-FT,Unibet,+2.5,1,1.1,{ 0},
3636908,/hockey/usa/nhl-2018-2019/boston-bruins-st-louis-blues-UDgSLaDe/,BOS,STL,Boston Bruins - St. Louis Blues,Finished," - Play Offs",NHL 2018/2019,2019-06-13 03:00,1560384000,1:4,1,4,"0:2, 0:0, 1:2",OU-FT,Unibet,+2.5,2,7.5,{ 0},
3636908,/hockey/usa/nhl-2018-2019/boston-bruins-st-louis-blues-UDgSLaDe/,BOS,STL,Boston Bruins - St. Louis Blues,Finished," - Play Offs",NHL 2018/2019,2019-06-13 03:00,1560384000,1:4,1,4,"0:2, 0:0, 1:2",OU-FT,1xBet,+3,1,1.13,{ 0},
3636908,/hockey/usa/nhl-2018-2019/boston-bruins-st-louis-blues-UDgSLaDe/,BOS,STL,Boston Bruins - St. Louis Blues,Finished," - Play Offs",NHL 2018/2019,2019-06-13 03:00,1560384000,1:4,1,4,"0:2, 0:0, 1:2",OU-FT,1xBet,+3,2,5.6,{ 0},
3636908,/hockey/usa/nhl-2018-2019/boston-bruins-st-louis-blues-UDgSLaDe/,BOS,STL,Boston Bruins - St. Louis Blues,Finished," - Play Offs",NHL 2018/2019,2019-06-13 03:00,1560384000,1:4,1,4,"0:2, 0:0, 1:2",OU-FT,Unibet,+3,1,1.12,{ 0},
3636908,/hockey/usa/nhl-2018-2019/boston-bruins-st-louis-blues-UDgSLaDe/,BOS,STL,Boston Bruins - St. Louis Blues,Finished," - Play Offs",NHL 2018/2019,2019-06-13 03:00,1560384000,1:4,1,4,"0:2, 0:0, 1:2",OU-FT,Unibet,+3,2,6.75,{ 0},
3636908,/hockey/usa/nhl-2018-2019/boston-bruins-st-louis-blues-UDgSLaDe/,BOS,STL,Boston Bruins - St. Louis Blues,Finished," - Play Offs",NHL 2018/2019,2019-06-13 03:00,1560384000,1:4,1,4,"0:2, 0:0, 1:2",OU-FT,1xBet,+3.5,1,1.28,{ 0},
3636908,/hockey/usa/nhl-2018-2019/boston-bruins-st-louis-blues-UDgSLaDe/,BOS,STL,Boston Bruins - St. Louis Blues,Finished," - Play Offs",NHL 2018/2019,2019-06-13 03:00,1560384000,1:4,1,4,"0:2, 0:0, 1:2",OU-FT,1xBet,+3.5,2,3.54,{ 0},
3636908,/hockey/usa/nhl-2018-2019/boston-bruins-st-louis-blues-UDgSLaDe/,BOS,STL,Boston Bruins - St. Louis Blues,Finished," - Play Offs",NHL 2018/2019,2019-06-13 03:00,1560384000,1:4,1,4,"0:2, 0:0, 1:2",OU-FT,Unibet,+3.5,1,1.24,{ 0},
3636908,/hockey/usa/nhl-2018-2019/boston-bruins-st-louis-blues-UDgSLaDe/,BOS,STL,Boston Bruins - St. Louis Blues,Finished," - Play Offs",NHL 2018/2019,2019-06-13 03:00,1560384000,1:4,1,4,"0:2, 0:0, 1:2",OU-FT,Unibet,+3.5,2,4.1,{ 0},
3636908,/hockey/usa/nhl-2018-2019/boston-bruins-st-louis-blues-UDgSLaDe/,BOS,STL,Boston Bruins - St. Louis Blues,Finished," - Play Offs",NHL 2018/2019,2019-06-13 03:00,1560384000,1:4,1,4,"0:2, 0:0, 1:2",OU-FT,1xBet,+4,1,1.37,{ 0},
3636908,/hockey/usa/nhl-2018-2019/boston-bruins-st-louis-blues-UDgSLaDe/,BOS,STL,Boston Bruins - St. Louis Blues,Finished," - Play Offs",NHL 2018/2019,2019-06-13 03:00,1560384000,1:4,1,4,"0:2, 0:0, 1:2",OU-FT,1xBet,+4,2,3.04,{ 0},
3636908,/hockey/usa/nhl-2018-2019/boston-bruins-st-louis-blues-UDgSLaDe/,BOS,STL,Boston Bruins - St. Louis Blues,Finished," - Play Offs",NHL 2018/2019,2019-06-13 03:00,1560384000,1:4,1,4,"0:2, 0:0, 1:2",OU-FT,Unibet,+4,1,1.33,{ 0},
3636908,/hockey/usa/nhl-2018-2019/boston-bruins-st-louis-blues-UDgSLaDe/,BOS,STL,Boston Bruins - St. Louis Blues,Finished," - Play Offs",NHL 2018/2019,2019-06-13 03:00,1560384000,1:4,1,4,"0:2, 0:0, 1:2",OU-FT,Unibet,+4,2,3.35,{ 0},
3636908,/hockey/usa/nhl-2018-2019/boston-bruins-st-louis-blues-UDgSLaDe/,BOS,STL,Boston Bruins - St. Louis Blues,Finished," - Play Offs",NHL 2018/2019,2019-06-13 03:00,1560384000,1:4,1,4,"0:2, 0:0, 1:2",OU-FT,1xBet,+4.5,1,1.69,{ 0},
3636908,/hockey/usa/nhl-2018-2019/boston-bruins-st-louis-blues-UDgSLaDe/,BOS,STL,Boston Bruins - St. Louis Blues,Finished," - Play Offs",NHL 2018/2019,2019-06-13 03:00,1560384000,1:4,1,4,"0:2, 0:0, 1:2",OU-FT,1xBet,+4.5,2,2.25,{ 0},
3636908,/hockey/usa/nhl-2018-2019/boston-bruins-st-louis-blues-UDgSLaDe/,BOS,STL,Boston Bruins - St. Louis Blues,Finished," - Play Offs",NHL 2018/2019,2019-06-13 03:00,1560384000,1:4,1,4,"0:2, 0:0, 1:2",OU-FT,bet-at-home,+4.5,1,1.61,{ 0},
3636908,/hockey/usa/nhl-2018-2019/boston-bruins-st-louis-blues-UDgSLaDe/,BOS,STL,Boston Bruins - St. Louis Blues,Finished," - Play Offs",NHL 2018/2019,2019-06-13 03:00,1560384000,1:4,1,4,"0:2, 0:0, 1:2",OU-FT,bet-at-home,+4.5,2,2.17,{ 0},
3636908,/hockey/usa/nhl-2018-2019/boston-bruins-st-louis-blues-UDgSLaDe/,BOS,STL,Boston Bruins - St. Louis Blues,Finished," - Play Offs",NHL 2018/2019,2019-06-13 03:00,1560384000,1:4,1,4,"0:2, 0:0, 1:2",OU-FT,Unibet,+4.5,1,1.63,{ 0},
3636908,/hockey/usa/nhl-2018-2019/boston-bruins-st-louis-blues-UDgSLaDe/,BOS,STL,Boston Bruins - St. Louis Blues,Finished," - Play Offs",NHL 2018/2019,2019-06-13 03:00,1560384000,1:4,1,4,"0:2, 0:0, 1:2",OU-FT,Unibet,+4.5,2,2.28,{ 0},
3636908,/hockey/usa/nhl-2018-2019/boston-bruins-st-louis-blues-UDgSLaDe/,BOS,STL,Boston Bruins - St. Louis Blues,Finished," - Play Offs",NHL 2018/2019,2019-06-13 03:00,1560384000,1:4,1,4,"0:2, 0:0, 1:2",OU-FT,1xBet,+5,1,1.92,{ 0},
3636908,/hockey/usa/nhl-2018-2019/boston-bruins-st-louis-blues-UDgSLaDe/,BOS,STL,Boston Bruins - St. Louis Blues,Finished," - Play Offs",NHL 2018/2019,2019-06-13 03:00,1560384000,1:4,1,4,"0:2, 0:0, 1:2",OU-FT,1xBet,+5,2,1.86,{ 0},
3636908,/hockey/usa/nhl-2018-2019/boston-bruins-st-louis-blues-UDgSLaDe/,BOS,STL,Boston Bruins - St. Louis Blues,Finished," - Play Offs",NHL 2018/2019,2019-06-13 03:00,1560384000,1:4,1,4,"0:2, 0:0, 1:2",OU-FT,Unibet,+5,1,1.88,{ 0},
3636908,/hockey/usa/nhl-2018-2019/boston-bruins-st-louis-blues-UDgSLaDe/,BOS,STL,Boston Bruins - St. Louis Blues,Finished," - Play Offs",NHL 2018/2019,2019-06-13 03:00,1560384000,1:4,1,4,"0:2, 0:0, 1:2",OU-FT,Unibet,+5,2,1.93,{ 0},
3636908,/hockey/usa/nhl-2018-2019/boston-bruins-st-louis-blues-UDgSLaDe/,BOS,STL,Boston Bruins - St. Louis Blues,Finished," - Play Offs",NHL 2018/2019,2019-06-13 03:00,1560384000,1:4,1,4,"0:2, 0:0, 1:2",OU-FT,1xBet,+5.5,1,2.33,{ 0},
3636908,/hockey/usa/nhl-2018-2019/boston-bruins-st-louis-blues-UDgSLaDe/,BOS,STL,Boston Bruins - St. Louis Blues,Finished," - Play Offs",NHL 2018/2019,2019-06-13 03:00,1560384000,1:4,1,4,"0:2, 0:0, 1:2",OU-FT,1xBet,+5.5,2,1.66,{ 0},
3636908,/hockey/usa/nhl-2018-2019/boston-bruins-st-louis-blues-UDgSLaDe/,BOS,STL,Boston Bruins - St. Louis Blues,Finished," - Play Offs",NHL 2018/2019,2019-06-13 03:00,1560384000,1:4,1,4,"0:2, 0:0, 1:2",OU-FT,bet-at-home,+5.5,1,2.2,{ 0},
3636908,/hockey/usa/nhl-2018-2019/boston-bruins-st-louis-blues-UDgSLaDe/,BOS,STL,Boston Bruins - St. Louis Blues,Finished," - Play Offs",NHL 2018/2019,2019-06-13 03:00,1560384000,1:4,1,4,"0:2, 0:0, 1:2",OU-FT,bet-at-home,+5.5,2,1.6,{ 0},
3636908,/hockey/usa/nhl-2018-2019/boston-bruins-st-louis-blues-UDgSLaDe/,BOS,STL,Boston Bruins - St. Louis Blues,Finished," - Play Offs",NHL 2018/2019,2019-06-13 03:00,1560384000,1:4,1,4,"0:2, 0:0, 1:2",OU-FT,Unibet,+5.5,1,2.23,{ 0},
3636908,/hockey/usa/nhl-2018-2019/boston-bruins-st-louis-blues-UDgSLaDe/,BOS,STL,Boston Bruins - St. Louis Blues,Finished," - Play Offs",NHL 2018/2019,2019-06-13 03:00,1560384000,1:4,1,4,"0:2, 0:0, 1:2",OU-FT,Unibet,+5.5,2,1.67,{ 0},
3636908,/hockey/usa/nhl-2018-2019/boston-bruins-st-louis-blues-UDgSLaDe/,BOS,STL,Boston Bruins - St. Louis Blues,Finished," - Play Offs",NHL 2018/2019,2019-06-13 03:00,1560384000,1:4,1,4,"0:2, 0:0, 1:2",OU-FT,1xBet,+6,1,2.94,{ 0},
3636908,/hockey/usa/nhl-2018-2019/boston-bruins-st-louis-blues-UDgSLaDe/,BOS,STL,Boston Bruins - St. Louis Blues,Finished," - Play Offs",NHL 2018/2019,2019-06-13 03:00,1560384000,1:4,1,4,"0:2, 0:0, 1:2",OU-FT,1xBet,+6,2,1.37,{ 0},
3636908,/hockey/usa/nhl-2018-2019/boston-bruins-st-louis-blues-UDgSLaDe/,BOS,STL,Boston Bruins - St. Louis Blues,Finished," - Play Offs",NHL 2018/2019,2019-06-13 03:00,1560384000,1:4,1,4,"0:2, 0:0, 1:2",OU-FT,Unibet,+6,1,3.05,{ 0},
3636908,/hockey/usa/nhl-2018-2019/boston-bruins-st-louis-blues-UDgSLaDe/,BOS,STL,Boston Bruins - St. Louis Blues,Finished," - Play Offs",NHL 2018/2019,2019-06-13 03:00,1560384000,1:4,1,4,"0:2, 0:0, 1:2",OU-FT,Unibet,+6,2,1.38,{ 0},
3636908,/hockey/usa/nhl-2018-2019/boston-bruins-st-louis-blues-UDgSLaDe/,BOS,STL,Boston Bruins - St. Louis Blues,Finished," - Play Offs",NHL 2018/2019,2019-06-13 03:00,1560384000,1:4,1,4,"0:2, 0:0, 1:2",OU-FT,1xBet,+6.5,1,3.36,{ 0},
3636908,/hockey/usa/nhl-2018-2019/boston-bruins-st-louis-blues-UDgSLaDe/,BOS,STL,Boston Bruins - St. Louis Blues,Finished," - Play Offs",NHL 2018/2019,2019-06-13 03:00,1560384000,1:4,1,4,"0:2, 0:0, 1:2",OU-FT,1xBet,+6.5,2,1.29,{ 0},
3636908,/hockey/usa/nhl-2018-2019/boston-bruins-st-louis-blues-UDgSLaDe/,BOS,STL,Boston Bruins - St. Louis Blues,Finished," - Play Offs",NHL 2018/2019,2019-06-13 03:00,1560384000,1:4,1,4,"0:2, 0:0, 1:2",OU-FT,bet-at-home,+6.5,1,3.35,{ 0},
3636908,/hockey/usa/nhl-2018-2019/boston-bruins-st-louis-blues-UDgSLaDe/,BOS,STL,Boston Bruins - St. Louis Blues,Finished," - Play Offs",NHL 2018/2019,2019-06-13 03:00,1560384000,1:4,1,4,"0:2, 0:0, 1:2",OU-FT,bet-at-home,+6.5,2,1.28,{ 0},
3636908,/hockey/usa/nhl-2018-2019/boston-bruins-st-louis-blues-UDgSLaDe/,BOS,STL,Boston Bruins - St. Louis Blues,Finished," - Play Offs",NHL 2018/2019,2019-06-13 03:00,1560384000,1:4,1,4,"0:2, 0:0, 1:2",OU-FT,Unibet,+6.5,1,3.65,{ 0},
3636908,/hockey/usa/nhl-2018-2019/boston-bruins-st-louis-blues-UDgSLaDe/,BOS,STL,Boston Bruins - St. Louis Blues,Finished," - Play Offs",NHL 2018/2019,2019-06-13 03:00,1560384000,1:4,1,4,"0:2, 0:0, 1:2",OU-FT,Unibet,+6.5,2,1.29,{ 0},
3636908,/hockey/usa/nhl-2018-2019/boston-bruins-st-louis-blues-UDgSLaDe/,BOS,STL,Boston Bruins - St. Louis Blues,Finished," - Play Offs",NHL 2018/2019,2019-06-13 03:00,1560384000,1:4,1,4,"0:2, 0:0, 1:2",OU-FT,1xBet,+7,1,4.8,{ 0},
3636908,/hockey/usa/nhl-2018-2019/boston-bruins-st-louis-blues-UDgSLaDe/,BOS,STL,Boston Bruins - St. Louis Blues,Finished," - Play Offs",NHL 2018/2019,2019-06-13 03:00,1560384000,1:4,1,4,"0:2, 0:0, 1:2",OU-FT,1xBet,+7,2,1.16,{ 0},
3636908,/hockey/usa/nhl-2018-2019/boston-bruins-st-louis-blues-UDgSLaDe/,BOS,STL,Boston Bruins - St. Louis Blues,Finished," - Play Offs",NHL 2018/2019,2019-06-13 03:00,1560384000,1:4,1,4,"0:2, 0:0, 1:2",OU-FT,Unibet,+7,1,5.3,{ 0},
3636908,/hockey/usa/nhl-2018-2019/boston-bruins-st-louis-blues-UDgSLaDe/,BOS,STL,Boston Bruins - St. Louis Blues,Finished," - Play Offs",NHL 2018/2019,2019-06-13 03:00,1560384000,1:4,1,4,"0:2, 0:0, 1:2",OU-FT,Unibet,+7,2,1.17,{ 0},
3636908,/hockey/usa/nhl-2018-2019/boston-bruins-st-louis-blues-UDgSLaDe/,BOS,STL,Boston Bruins - St. Louis Blues,Finished," - Play Offs",NHL 2018/2019,2019-06-13 03:00,1560384000,1:4,1,4,"0:2, 0:0, 1:2",OU-FT,1xBet,+7.5,1,5.1,{ 0},
3636908,/hockey/usa/nhl-2018-2019/boston-bruins-st-louis-blues-UDgSLaDe/,BOS,STL,Boston Bruins - St. Louis Blues,Finished," - Play Offs",NHL 2018/2019,2019-06-13 03:00,1560384000,1:4,1,4,"0:2, 0:0, 1:2",OU-FT,1xBet,+7.5,2,1.14,{ 0},
3636908,/hockey/usa/nhl-2018-2019/boston-bruins-st-louis-blues-UDgSLaDe/,BOS,STL,Boston Bruins - St. Louis Blues,Finished," - Play Offs",NHL 2018/2019,2019-06-13 03:00,1560384000,1:4,1,4,"0:2, 0:0, 1:2",OU-FT,bet-at-home,+7.5,1,5.15,{ 0},
3636908,/hockey/usa/nhl-2018-2019/boston-bruins-st-louis-blues-UDgSLaDe/,BOS,STL,Boston Bruins - St. Louis Blues,Finished," - Play Offs",NHL 2018/2019,2019-06-13 03:00,1560384000,1:4,1,4,"0:2, 0:0, 1:2",OU-FT,bet-at-home,+7.5,2,1.13,{ 0},
3636908,/hockey/usa/nhl-2018-2019/boston-bruins-st-louis-blues-UDgSLaDe/,BOS,STL,Boston Bruins - St. Louis Blues,Finished," - Play Offs",NHL 2018/2019,2019-06-13 03:00,1560384000,1:4,1,4,"0:2, 0:0, 1:2",OU-FT,Unibet,+7.5,1,5.8,{ 0},
3636908,/hockey/usa/nhl-2018-2019/boston-bruins-st-louis-blues-UDgSLaDe/,BOS,STL,Boston Bruins - St. Louis Blues,Finished," - Play Offs",NHL 2018/2019,2019-06-13 03:00,1560384000,1:4,1,4,"0:2, 0:0, 1:2",OU-FT,Unibet,+7.5,2,1.14,{ 0},
3636908,/hockey/usa/nhl-2018-2019/boston-bruins-st-louis-blues-UDgSLaDe/,BOS,STL,Boston Bruins - St. Louis Blues,Finished," - Play Offs",NHL 2018/2019,2019-06-13 03:00,1560384000,1:4,1,4,"0:2, 0:0, 1:2",OU-FT,1xBet,+8,1,8.2,{ 0},
3636908,/hockey/usa/nhl-2018-2019/boston-bruins-st-louis-blues-UDgSLaDe/,BOS,STL,Boston Bruins - St. Louis Blues,Finished," - Play Offs",NHL 2018/2019,2019-06-13 03:00,1560384000,1:4,1,4,"0:2, 0:0, 1:2",OU-FT,1xBet,+8,2,1.07,{ 0},
3636908,/hockey/usa/nhl-2018-2019/boston-bruins-st-louis-blues-UDgSLaDe/,BOS,STL,Boston Bruins - St. Louis Blues,Finished," - Play Offs",NHL 2018/2019,2019-06-13 03:00,1560384000,1:4,1,4,"0:2, 0:0, 1:2",OU-FT,Unibet,+8,1,10.5,{ 0},
3636908,/hockey/usa/nhl-2018-2019/boston-bruins-st-louis-blues-UDgSLaDe/,BOS,STL,Boston Bruins - St. Louis Blues,Finished," - Play Offs",NHL 2018/2019,2019-06-13 03:00,1560384000,1:4,1,4,"0:2, 0:0, 1:2",OU-FT,Unibet,+8,2,1.06,{ 0},
3636908,/hockey/usa/nhl-2018-2019/boston-bruins-st-louis-blues-UDgSLaDe/,BOS,STL,Boston Bruins - St. Louis Blues,Finished," - Play Offs",NHL 2018/2019,2019-06-13 03:00,1560384000,1:4,1,4,"0:2, 0:0, 1:2",OU-FT,1xBet,+8.5,1,8.8,{ 0},
3636908,/hockey/usa/nhl-2018-2019/boston-bruins-st-louis-blues-UDgSLaDe/,BOS,STL,Boston Bruins - St. Louis Blues,Finished," - Play Offs",NHL 2018/2019,2019-06-13 03:00,1560384000,1:4,1,4,"0:2, 0:0, 1:2",OU-FT,1xBet,+8.5,2,1.06,{ 0},
3636908,/hockey/usa/nhl-2018-2019/boston-bruins-st-louis-blues-UDgSLaDe/,BOS,STL,Boston Bruins - St. Louis Blues,Finished," - Play Offs",NHL 2018/2019,2019-06-13 03:00,1560384000,1:4,1,4,"0:2, 0:0, 1:2",OU-FT,Unibet,+8.5,1,11.5,{ 0},
3636908,/hockey/usa/nhl-2018-2019/boston-bruins-st-louis-blues-UDgSLaDe/,BOS,STL,Boston Bruins - St. Louis Blues,Finished," - Play Offs",NHL 2018/2019,2019-06-13 03:00,1560384000,1:4,1,4,"0:2, 0:0, 1:2",OU-FT,Unibet,+8.5,2,1.05,{ 0},
3636908,/hockey/usa/nhl-2018-2019/boston-bruins-st-louis-blues-UDgSLaDe/,BOS,STL,Boston Bruins - St. Louis Blues,Finished," - Play Offs",NHL 2018/2019,2019-06-13 03:00,1560384000,1:4,1,4,"0:2, 0:0, 1:2",OU-FT,1xBet,+9.5,1,14.5,{ 0},
3636908,/hockey/usa/nhl-2018-2019/boston-bruins-st-louis-blues-UDgSLaDe/,BOS,STL,Boston Bruins - St. Louis Blues,Finished," - Play Offs",NHL 2018/2019,2019-06-13 03:00,1560384000,1:4,1,4,"0:2, 0:0, 1:2",OU-FT,1xBet,+9.5,2,1.02,{ 0},
3636908,/hockey/usa/nhl-2018-2019/boston-bruins-st-louis-blues-UDgSLaDe/,BOS,STL,Boston Bruins - St. Louis Blues,Finished," - Play Offs",NHL 2018/2019,2019-06-13 03:00,1560384000,1:4,1,4,"0:2, 0:0, 1:2",OU-ML,bet365,+1.5,1,1.02,{ 0},
3636908,/hockey/usa/nhl-2018-2019/boston-bruins-st-louis-blues-UDgSLaDe/,BOS,STL,Boston Bruins - St. Louis Blues,Finished," - Play Offs",NHL 2018/2019,2019-06-13 03:00,1560384000,1:4,1,4,"0:2, 0:0, 1:2",OU-ML,bet365,+1.5,2,16,{ 0},
3636908,/hockey/usa/nhl-2018-2019/boston-bruins-st-louis-blues-UDgSLaDe/,BOS,STL,Boston Bruins - St. Louis Blues,Finished," - Play Offs",NHL 2018/2019,2019-06-13 03:00,1560384000,1:4,1,4,"0:2, 0:0, 1:2",OU-ML,bet365,+2.5,1,1.04,{ 0},
3636908,/hockey/usa/nhl-2018-2019/boston-bruins-st-louis-blues-UDgSLaDe/,BOS,STL,Boston Bruins - St. Louis Blues,Finished," - Play Offs",NHL 2018/2019,2019-06-13 03:00,1560384000,1:4,1,4,"0:2, 0:0, 1:2",OU-ML,bet365,+2.5,2,12,{ 0},
3636908,/hockey/usa/nhl-2018-2019/boston-bruins-st-louis-blues-UDgSLaDe/,BOS,STL,Boston Bruins - St. Louis Blues,Finished," - Play Offs",NHL 2018/2019,2019-06-13 03:00,1560384000,1:4,1,4,"0:2, 0:0, 1:2",OU-ML,bet365,+3.5,1,1.26,{ 0},
3636908,/hockey/usa/nhl-2018-2019/boston-bruins-st-louis-blues-UDgSLaDe/,BOS,STL,Boston Bruins - St. Louis Blues,Finished," - Play Offs",NHL 2018/2019,2019-06-13 03:00,1560384000,1:4,1,4,"0:2, 0:0, 1:2",OU-ML,bet365,+3.5,2,3.85,{ 0},
3636908,/hockey/usa/nhl-2018-2019/boston-bruins-st-louis-blues-UDgSLaDe/,BOS,STL,Boston Bruins - St. Louis Blues,Finished," - Play Offs",NHL 2018/2019,2019-06-13 03:00,1560384000,1:4,1,4,"0:2, 0:0, 1:2",OU-ML,Pinnacle,+4.25,1,1.55,{ 0},
3636908,/hockey/usa/nhl-2018-2019/boston-bruins-st-louis-blues-UDgSLaDe/,BOS,STL,Boston Bruins - St. Louis Blues,Finished," - Play Offs",NHL 2018/2019,2019-06-13 03:00,1560384000,1:4,1,4,"0:2, 0:0, 1:2",OU-ML,Pinnacle,+4.25,2,2.54,{ 0},
3636908,/hockey/usa/nhl-2018-2019/boston-bruins-st-louis-blues-UDgSLaDe/,BOS,STL,Boston Bruins - St. Louis Blues,Finished," - Play Offs",NHL 2018/2019,2019-06-13 03:00,1560384000,1:4,1,4,"0:2, 0:0, 1:2",OU-ML,bet365,+4.5,1,1.47,{ 0},
3636908,/hockey/usa/nhl-2018-2019/boston-bruins-st-louis-blues-UDgSLaDe/,BOS,STL,Boston Bruins - St. Louis Blues,Finished," - Play Offs",NHL 2018/2019,2019-06-13 03:00,1560384000,1:4,1,4,"0:2, 0:0, 1:2",OU-ML,bet365,+4.5,2,2.6,{ 0},
3636908,/hockey/usa/nhl-2018-2019/boston-bruins-st-louis-blues-UDgSLaDe/,BOS,STL,Boston Bruins - St. Louis Blues,Finished," - Play Offs",NHL 2018/2019,2019-06-13 03:00,1560384000,1:4,1,4,"0:2, 0:0, 1:2",OU-ML,Pinnacle,+4.5,1,1.6,{ 0},
3636908,/hockey/usa/nhl-2018-2019/boston-bruins-st-louis-blues-UDgSLaDe/,BOS,STL,Boston Bruins - St. Louis Blues,Finished," - Play Offs",NHL 2018/2019,2019-06-13 03:00,1560384000,1:4,1,4,"0:2, 0:0, 1:2",OU-ML,Pinnacle,+4.5,2,2.43,{ 0},
3636908,/hockey/usa/nhl-2018-2019/boston-bruins-st-louis-blues-UDgSLaDe/,BOS,STL,Boston Bruins - St. Louis Blues,Finished," - Play Offs",NHL 2018/2019,2019-06-13 03:00,1560384000,1:4,1,4,"0:2, 0:0, 1:2",OU-ML,Pinnacle,+4.75,1,1.74,{ 0},
3636908,/hockey/usa/nhl-2018-2019/boston-bruins-st-louis-blues-UDgSLaDe/,BOS,STL,Boston Bruins - St. Louis Blues,Finished," - Play Offs",NHL 2018/2019,2019-06-13 03:00,1560384000,1:4,1,4,"0:2, 0:0, 1:2",OU-ML,Pinnacle,+4.75,2,2.19,{ 0},
3636908,/hockey/usa/nhl-2018-2019/boston-bruins-st-louis-blues-UDgSLaDe/,BOS,STL,Boston Bruins - St. Louis Blues,Finished," - Play Offs",NHL 2018/2019,2019-06-13 03:00,1560384000,1:4,1,4,"0:2, 0:0, 1:2",OU-ML,bet365,+5,1,1.8,{ 0},
3636908,/hockey/usa/nhl-2018-2019/boston-bruins-st-louis-blues-UDgSLaDe/,BOS,STL,Boston Bruins - St. Louis Blues,Finished," - Play Offs",NHL 2018/2019,2019-06-13 03:00,1560384000,1:4,1,4,"0:2, 0:0, 1:2",OU-ML,bet365,+5,2,2.05,{ 0},
3636908,/hockey/usa/nhl-2018-2019/boston-bruins-st-louis-blues-UDgSLaDe/,BOS,STL,Boston Bruins - St. Louis Blues,Finished," - Play Offs",NHL 2018/2019,2019-06-13 03:00,1560384000,1:4,1,4,"0:2, 0:0, 1:2",OU-ML,Pinnacle,+5,1,1.85,{ 0},
3636908,/hockey/usa/nhl-2018-2019/boston-bruins-st-louis-blues-UDgSLaDe/,BOS,STL,Boston Bruins - St. Louis Blues,Finished," - Play Offs",NHL 2018/2019,2019-06-13 03:00,1560384000,1:4,1,4,"0:2, 0:0, 1:2",OU-ML,Pinnacle,+5,2,2.06,{ 0},
3636908,/hockey/usa/nhl-2018-2019/boston-bruins-st-louis-blues-UDgSLaDe/,BOS,STL,Boston Bruins - St. Louis Blues,Finished," - Play Offs",NHL 2018/2019,2019-06-13 03:00,1560384000,1:4,1,4,"0:2, 0:0, 1:2",OU-ML,William Hill,+5,1,1.83,{ 0},
3636908,/hockey/usa/nhl-2018-2019/boston-bruins-st-louis-blues-UDgSLaDe/,BOS,STL,Boston Bruins - St. Louis Blues,Finished," - Play Offs",NHL 2018/2019,2019-06-13 03:00,1560384000,1:4,1,4,"0:2, 0:0, 1:2",OU-ML,William Hill,+5,2,2,{ 0},
3636908,/hockey/usa/nhl-2018-2019/boston-bruins-st-louis-blues-UDgSLaDe/,BOS,STL,Boston Bruins - St. Louis Blues,Finished," - Play Offs",NHL 2018/2019,2019-06-13 03:00,1560384000,1:4,1,4,"0:2, 0:0, 1:2",OU-ML,Pinnacle,+5.25,1,2.16,{ 0},
3636908,/hockey/usa/nhl-2018-2019/boston-bruins-st-louis-blues-UDgSLaDe/,BOS,STL,Boston Bruins - St. Louis Blues,Finished," - Play Offs",NHL 2018/2019,2019-06-13 03:00,1560384000,1:4,1,4,"0:2, 0:0, 1:2",OU-ML,Pinnacle,+5.25,2,1.76,{ 0},
3636908,/hockey/usa/nhl-2018-2019/boston-bruins-st-louis-blues-UDgSLaDe/,BOS,STL,Boston Bruins - St. Louis Blues,Finished," - Play Offs",NHL 2018/2019,2019-06-13 03:00,1560384000,1:4,1,4,"0:2, 0:0, 1:2",OU-ML,bet365,+5.5,1,2.35,{ 0},
3636908,/hockey/usa/nhl-2018-2019/boston-bruins-st-louis-blues-UDgSLaDe/,BOS,STL,Boston Bruins - St. Louis Blues,Finished," - Play Offs",NHL 2018/2019,2019-06-13 03:00,1560384000,1:4,1,4,"0:2, 0:0, 1:2",OU-ML,bet365,+5.5,2,1.57,{ 0},
3636908,/hockey/usa/nhl-2018-2019/boston-bruins-st-louis-blues-UDgSLaDe/,BOS,STL,Boston Bruins - St. Louis Blues,Finished," - Play Offs",NHL 2018/2019,2019-06-13 03:00,1560384000,1:4,1,4,"0:2, 0:0, 1:2",OU-ML,Pinnacle,+5.5,1,2.46,{ 0},
3636908,/hockey/usa/nhl-2018-2019/boston-bruins-st-louis-blues-UDgSLaDe/,BOS,STL,Boston Bruins - St. Louis Blues,Finished," - Play Offs",NHL 2018/2019,2019-06-13 03:00,1560384000,1:4,1,4,"0:2, 0:0, 1:2",OU-ML,Pinnacle,+5.5,2,1.58,{ 0},
3636908,/hockey/usa/nhl-2018-2019/boston-bruins-st-louis-blues-UDgSLaDe/,BOS,STL,Boston Bruins - St. Louis Blues,Finished," - Play Offs",NHL 2018/2019,2019-06-13 03:00,1560384000,1:4,1,4,"0:2, 0:0, 1:2",OU-ML,William Hill,+5.5,1,2.45,{ 0},
3636908,/hockey/usa/nhl-2018-2019/boston-bruins-st-louis-blues-UDgSLaDe/,BOS,STL,Boston Bruins - St. Louis Blues,Finished," - Play Offs",NHL 2018/2019,2019-06-13 03:00,1560384000,1:4,1,4,"0:2, 0:0, 1:2",OU-ML,William Hill,+5.5,2,1.61,{ 0},
3636908,/hockey/usa/nhl-2018-2019/boston-bruins-st-louis-blues-UDgSLaDe/,BOS,STL,Boston Bruins - St. Louis Blues,Finished," - Play Offs",NHL 2018/2019,2019-06-13 03:00,1560384000,1:4,1,4,"0:2, 0:0, 1:2",OU-ML,Pinnacle,+5.75,1,2.65,{ 0},
3636908,/hockey/usa/nhl-2018-2019/boston-bruins-st-louis-blues-UDgSLaDe/,BOS,STL,Boston Bruins - St. Louis Blues,Finished," - Play Offs",NHL 2018/2019,2019-06-13 03:00,1560384000,1:4,1,4,"0:2, 0:0, 1:2",OU-ML,Pinnacle,+5.75,2,1.51,{ 0},
3636908,/hockey/usa/nhl-2018-2019/boston-bruins-st-louis-blues-UDgSLaDe/,BOS,STL,Boston Bruins - St. Louis Blues,Finished," - Play Offs",NHL 2018/2019,2019-06-13 03:00,1560384000,1:4,1,4,"0:2, 0:0, 1:2",OU-ML,Pinnacle,+6,1,2.9,{ 0},
3636908,/hockey/usa/nhl-2018-2019/boston-bruins-st-louis-blues-UDgSLaDe/,BOS,STL,Boston Bruins - St. Louis Blues,Finished," - Play Offs",NHL 2018/2019,2019-06-13 03:00,1560384000,1:4,1,4,"0:2, 0:0, 1:2",OU-ML,Pinnacle,+6,2,1.43,{ 0},
3636908,/hockey/usa/nhl-2018-2019/boston-bruins-st-louis-blues-UDgSLaDe/,BOS,STL,Boston Bruins - St. Louis Blues,Finished," - Play Offs",NHL 2018/2019,2019-06-13 03:00,1560384000,1:4,1,4,"0:2, 0:0, 1:2",OU-ML,Pinnacle,+6.25,1,3.05,{ 0},
3636908,/hockey/usa/nhl-2018-2019/boston-bruins-st-louis-blues-UDgSLaDe/,BOS,STL,Boston Bruins - St. Louis Blues,Finished," - Play Offs",NHL 2018/2019,2019-06-13 03:00,1560384000,1:4,1,4,"0:2, 0:0, 1:2",OU-ML,Pinnacle,+6.25,2,1.39,{ 0},
3636908,/hockey/usa/nhl-2018-2019/boston-bruins-st-louis-blues-UDgSLaDe/,BOS,STL,Boston Bruins - St. Louis Blues,Finished," - Play Offs",NHL 2018/2019,2019-06-13 03:00,1560384000,1:4,1,4,"0:2, 0:0, 1:2",OU-ML,bet365,+6.5,1,3.2,{ 0},
3636908,/hockey/usa/nhl-2018-2019/boston-bruins-st-louis-blues-UDgSLaDe/,BOS,STL,Boston Bruins - St. Louis Blues,Finished," - Play Offs",NHL 2018/2019,2019-06-13 03:00,1560384000,1:4,1,4,"0:2, 0:0, 1:2",OU-ML,bet365,+6.5,2,1.33,{ 0},
3636908,/hockey/usa/nhl-2018-2019/boston-bruins-st-louis-blues-UDgSLaDe/,BOS,STL,Boston Bruins - St. Louis Blues,Finished," - Play Offs",NHL 2018/2019,2019-06-13 03:00,1560384000,1:4,1,4,"0:2, 0:0, 1:2",OU-ML,Pinnacle,+6.5,1,3.19,{ 0},
3636908,/hockey/usa/nhl-2018-2019/boston-bruins-st-louis-blues-UDgSLaDe/,BOS,STL,Boston Bruins - St. Louis Blues,Finished," - Play Offs",NHL 2018/2019,2019-06-13 03:00,1560384000,1:4,1,4,"0:2, 0:0, 1:2",OU-ML,Pinnacle,+6.5,2,1.36,{ 0},
3636908,/hockey/usa/nhl-2018-2019/boston-bruins-st-louis-blues-UDgSLaDe/,BOS,STL,Boston Bruins - St. Louis Blues,Finished," - Play Offs",NHL 2018/2019,2019-06-13 03:00,1560384000,1:4,1,4,"0:2, 0:0, 1:2",OU-ML,Pinnacle,+6.75,1,3.94,{ 0},
3636908,/hockey/usa/nhl-2018-2019/boston-bruins-st-louis-blues-UDgSLaDe/,BOS,STL,Boston Bruins - St. Louis Blues,Finished," - Play Offs",NHL 2018/2019,2019-06-13 03:00,1560384000,1:4,1,4,"0:2, 0:0, 1:2",OU-ML,Pinnacle,+6.75,2,1.24,{ 0},
3636908,/hockey/usa/nhl-2018-2019/boston-bruins-st-louis-blues-UDgSLaDe/,BOS,STL,Boston Bruins - St. Louis Blues,Finished," - Play Offs",NHL 2018/2019,2019-06-13 03:00,1560384000,1:4,1,4,"0:2, 0:0, 1:2",OU-ML,bet365,+7.5,1,6,{ 0},
3636908,/hockey/usa/nhl-2018-2019/boston-bruins-st-louis-blues-UDgSLaDe/,BOS,STL,Boston Bruins - St. Louis Blues,Finished," - Play Offs",NHL 2018/2019,2019-06-13 03:00,1560384000,1:4,1,4,"0:2, 0:0, 1:2",OU-ML,bet365,+7.5,2,1.12,{ 0},
3636908,/hockey/usa/nhl-2018-2019/boston-bruins-st-louis-blues-UDgSLaDe/,BOS,STL,Boston Bruins - St. Louis Blues,Finished," - Play Offs",NHL 2018/2019,2019-06-13 03:00,1560384000,1:4,1,4,"0:2, 0:0, 1:2",OU-ML,Pinnacle,+7.5,1,5.33,{ 0},
3636908,/hockey/usa/nhl-2018-2019/boston-bruins-st-louis-blues-UDgSLaDe/,BOS,STL,Boston Bruins - St. Louis Blues,Finished," - Play Offs",NHL 2018/2019,2019-06-13 03:00,1560384000,1:4,1,4,"0:2, 0:0, 1:2",OU-ML,Pinnacle,+7.5,2,1.18,{ 0},
3636908,/hockey/usa/nhl-2018-2019/boston-bruins-st-louis-blues-UDgSLaDe/,BOS,STL,Boston Bruins - St. Louis Blues,Finished," - Play Offs",NHL 2018/2019,2019-06-13 03:00,1560384000,1:4,1,4,"0:2, 0:0, 1:2",OU-ML,bet365,+8.5,1,10,{ 0},
3636908,/hockey/usa/nhl-2018-2019/boston-bruins-st-louis-blues-UDgSLaDe/,BOS,STL,Boston Bruins - St. Louis Blues,Finished," - Play Offs",NHL 2018/2019,2019-06-13 03:00,1560384000,1:4,1,4,"0:2, 0:0, 1:2",OU-ML,bet365,+8.5,2,1.06,{ 0},
3636908,/hockey/usa/nhl-2018-2019/boston-bruins-st-louis-blues-UDgSLaDe/,BOS,STL,Boston Bruins - St. Louis Blues,Finished," - Play Offs",NHL 2018/2019,2019-06-13 03:00,1560384000,1:4,1,4,"0:2, 0:0, 1:2",OU-ML,bet365,+9.5,1,16,{ 0},
3636908,/hockey/usa/nhl-2018-2019/boston-bruins-st-louis-blues-UDgSLaDe/,BOS,STL,Boston Bruins - St. Louis Blues,Finished," - Play Offs",NHL 2018/2019,2019-06-13 03:00,1560384000,1:4,1,4,"0:2, 0:0, 1:2",OU-ML,bet365,+9.5,2,1.02,{ 0},
3636908,/hockey/usa/nhl-2018-2019/boston-bruins-st-louis-blues-UDgSLaDe/,BOS,STL,Boston Bruins - St. Louis Blues,Finished," - Play Offs",NHL 2018/2019,2019-06-13 03:00,1560384000,1:4,1,4,"0:2, 0:0, 1:2",1X2,1xBet,1X2,1,1.89,{ 0},
3636908,/hockey/usa/nhl-2018-2019/boston-bruins-st-louis-blues-UDgSLaDe/,BOS,STL,Boston Bruins - St. Louis Blues,Finished," - Play Offs",NHL 2018/2019,2019-06-13 03:00,1560384000,1:4,1,4,"0:2, 0:0, 1:2",1X2,1xBet,1X2,X,4.14,{ 0},
3636908,/hockey/usa/nhl-2018-2019/boston-bruins-st-louis-blues-UDgSLaDe/,BOS,STL,Boston Bruins - St. Louis Blues,Finished," - Play Offs",NHL 2018/2019,2019-06-13 03:00,1560384000,1:4,1,4,"0:2, 0:0, 1:2",1X2,1xBet,1X2,2,3.72,{ 0},
3636908,/hockey/usa/nhl-2018-2019/boston-bruins-st-louis-blues-UDgSLaDe/,BOS,STL,Boston Bruins - St. Louis Blues,Finished," - Play Offs",NHL 2018/2019,2019-06-13 03:00,1560384000,1:4,1,4,"0:2, 0:0, 1:2",1X2,bet-at-home,1X2,1,1.88,{ 0},
3636908,/hockey/usa/nhl-2018-2019/boston-bruins-st-louis-blues-UDgSLaDe/,BOS,STL,Boston Bruins - St. Louis Blues,Finished," - Play Offs",NHL 2018/2019,2019-06-13 03:00,1560384000,1:4,1,4,"0:2, 0:0, 1:2",1X2,bet-at-home,1X2,X,3.97,{ 0},
3636908,/hockey/usa/nhl-2018-2019/boston-bruins-st-louis-blues-UDgSLaDe/,BOS,STL,Boston Bruins - St. Louis Blues,Finished," - Play Offs",NHL 2018/2019,2019-06-13 03:00,1560384000,1:4,1,4,"0:2, 0:0, 1:2",1X2,bet-at-home,1X2,2,3.63,{ 0},
3636908,/hockey/usa/nhl-2018-2019/boston-bruins-st-louis-blues-UDgSLaDe/,BOS,STL,Boston Bruins - St. Louis Blues,Finished," - Play Offs",NHL 2018/2019,2019-06-13 03:00,1560384000,1:4,1,4,"0:2, 0:0, 1:2",1X2,bet365,1X2,1,1.8,{ 0},
3636908,/hockey/usa/nhl-2018-2019/boston-bruins-st-louis-blues-UDgSLaDe/,BOS,STL,Boston Bruins - St. Louis Blues,Finished," - Play Offs",NHL 2018/2019,2019-06-13 03:00,1560384000,1:4,1,4,"0:2, 0:0, 1:2",1X2,bet365,1X2,X,3.9,{ 0},
3636908,/hockey/usa/nhl-2018-2019/boston-bruins-st-louis-blues-UDgSLaDe/,BOS,STL,Boston Bruins - St. Louis Blues,Finished," - Play Offs",NHL 2018/2019,2019-06-13 03:00,1560384000,1:4,1,4,"0:2, 0:0, 1:2",1X2,bet365,1X2,2,4,{ 0},
3636908,/hockey/usa/nhl-2018-2019/boston-bruins-st-louis-blues-UDgSLaDe/,BOS,STL,Boston Bruins - St. Louis Blues,Finished," - Play Offs",NHL 2018/2019,2019-06-13 03:00,1560384000,1:4,1,4,"0:2, 0:0, 1:2",1X2,Unibet,1X2,1,1.95,{ 0},
3636908,/hockey/usa/nhl-2018-2019/boston-bruins-st-louis-blues-UDgSLaDe/,BOS,STL,Boston Bruins - St. Louis Blues,Finished," - Play Offs",NHL 2018/2019,2019-06-13 03:00,1560384000,1:4,1,4,"0:2, 0:0, 1:2",1X2,Unibet,1X2,X,3.95,{ 0},
3636908,/hockey/usa/nhl-2018-2019/boston-bruins-st-louis-blues-UDgSLaDe/,BOS,STL,Boston Bruins - St. Louis Blues,Finished," - Play Offs",NHL 2018/2019,2019-06-13 03:00,1560384000,1:4,1,4,"0:2, 0:0, 1:2",1X2,Unibet,1X2,2,3.45,{ 0},
3636908,/hockey/usa/nhl-2018-2019/boston-bruins-st-louis-blues-UDgSLaDe/,BOS,STL,Boston Bruins - St. Louis Blues,Finished," - Play Offs",NHL 2018/2019,2019-06-13 03:00,1560384000,1:4,1,4,"0:2, 0:0, 1:2",1X2,William Hill,1X2,1,1.83,{ 0},
3636908,/hockey/usa/nhl-2018-2019/boston-bruins-st-louis-blues-UDgSLaDe/,BOS,STL,Boston Bruins - St. Louis Blues,Finished," - Play Offs",NHL 2018/2019,2019-06-13 03:00,1560384000,1:4,1,4,"0:2, 0:0, 1:2",1X2,William Hill,1X2,X,4.2,{ 0},
3636908,/hockey/usa/nhl-2018-2019/boston-bruins-st-louis-blues-UDgSLaDe/,BOS,STL,Boston Bruins - St. Louis Blues,Finished," - Play Offs",NHL 2018/2019,2019-06-13 03:00,1560384000,1:4,1,4,"0:2, 0:0, 1:2",1X2,William Hill,1X2,2,3.25,{ 0},
3636908,/hockey/usa/nhl-2018-2019/boston-bruins-st-louis-blues-UDgSLaDe/,BOS,STL,Boston Bruins - St. Louis Blues,Finished," - Play Offs",NHL 2018/2019,2019-06-13 03:00,1560384000,1:4,1,4,"0:2, 0:0, 1:2",BTTS,1xBet,BTTS,Yes,1.1,{ 0},
3636908,/hockey/usa/nhl-2018-2019/boston-bruins-st-louis-blues-UDgSLaDe/,BOS,STL,Boston Bruins - St. Louis Blues,Finished," - Play Offs",NHL 2018/2019,2019-06-13 03:00,1560384000,1:4,1,4,"0:2, 0:0, 1:2",BTTS,1xBet,BTTS,No,5.15,{ 0},
3636908,/hockey/usa/nhl-2018-2019/boston-bruins-st-louis-blues-UDgSLaDe/,BOS,STL,Boston Bruins - St. Louis Blues,Finished," - Play Offs",NHL 2018/2019,2019-06-13 03:00,1560384000,1:4,1,4,"0:2, 0:0, 1:2",BTTS,Unibet,BTTS,Yes,1.11,{ 0},
3636908,/hockey/usa/nhl-2018-2019/boston-bruins-st-louis-blues-UDgSLaDe/,BOS,STL,Boston Bruins - St. Louis Blues,Finished," - Play Offs",NHL 2018/2019,2019-06-13 03:00,1560384000,1:4,1,4,"0:2, 0:0, 1:2",BTTS,Unibet,BTTS,No,5.8,{ 0},
3636908,/hockey/usa/nhl-2018-2019/boston-bruins-st-louis-blues-UDgSLaDe/,BOS,STL,Boston Bruins - St. Louis Blues,Finished," - Play Offs",NHL 2018/2019,2019-06-13 03:00,1560384000,1:4,1,4,"0:2, 0:0, 1:2",BTTS,William Hill,BTTS,Yes,1.15,{ 0},
3636908,/hockey/usa/nhl-2018-2019/boston-bruins-st-louis-blues-UDgSLaDe/,BOS,STL,Boston Bruins - St. Louis Blues,Finished," - Play Offs",NHL 2018/2019,2019-06-13 03:00,1560384000,1:4,1,4,"0:2, 0:0, 1:2",BTTS,William Hill,BTTS,No,4.75,{ 0},
3636908,/hockey/usa/nhl-2018-2019/boston-bruins-st-louis-blues-UDgSLaDe/,BOS,STL,Boston Bruins - St. Louis Blues,Finished," - Play Offs",NHL 2018/2019,2019-06-13 03:00,1560384000,1:4,1,4,"0:2, 0:0, 1:2",DNB,Unibet,DNB,1,1.46,{ 0},
3636908,/hockey/usa/nhl-2018-2019/boston-bruins-st-louis-blues-UDgSLaDe/,BOS,STL,Boston Bruins - St. Louis Blues,Finished," - Play Offs",NHL 2018/2019,2019-06-13 03:00,1560384000,1:4,1,4,"0:2, 0:0, 1:2",DNB,Unibet,DNB,2,2.63,{ 0},
3636908,/hockey/usa/nhl-2018-2019/boston-bruins-st-louis-blues-UDgSLaDe/,BOS,STL,Boston Bruins - St. Louis Blues,Finished," - Play Offs",NHL 2018/2019,2019-06-13 03:00,1560384000,1:4,1,4,"0:2, 0:0, 1:2",DNB,William Hill,DNB,1,1.44,{ 0},
3636908,/hockey/usa/nhl-2018-2019/boston-bruins-st-louis-blues-UDgSLaDe/,BOS,STL,Boston Bruins - St. Louis Blues,Finished," - Play Offs",NHL 2018/2019,2019-06-13 03:00,1560384000,1:4,1,4,"0:2, 0:0, 1:2",DNB,William Hill,DNB,2,2.62,{ 0},
3636908,/hockey/usa/nhl-2018-2019/boston-bruins-st-louis-blues-UDgSLaDe/,BOS,STL,Boston Bruins - St. Louis Blues,Finished," - Play Offs",NHL 2018/2019,2019-06-13 03:00,1560384000,1:4,1,4,"0:2, 0:0, 1:2",ML,bet365,ML,1,1.55,{ 0},
3636908,/hockey/usa/nhl-2018-2019/boston-bruins-st-louis-blues-UDgSLaDe/,BOS,STL,Boston Bruins - St. Louis Blues,Finished," - Play Offs",NHL 2018/2019,2019-06-13 03:00,1560384000,1:4,1,4,"0:2, 0:0, 1:2",ML,bet365,ML,2,2.6,{ 0},
3636908,/hockey/usa/nhl-2018-2019/boston-bruins-st-louis-blues-UDgSLaDe/,BOS,STL,Boston Bruins - St. Louis Blues,Finished," - Play Offs",NHL 2018/2019,2019-06-13 03:00,1560384000,1:4,1,4,"0:2, 0:0, 1:2",ML,Pinnacle,ML,1,1.58,{ 0},
3636908,/hockey/usa/nhl-2018-2019/boston-bruins-st-louis-blues-UDgSLaDe/,BOS,STL,Boston Bruins - St. Louis Blues,Finished," - Play Offs",NHL 2018/2019,2019-06-13 03:00,1560384000,1:4,1,4,"0:2, 0:0, 1:2",ML,Pinnacle,ML,2,2.56,{ 0},
3636908,/hockey/usa/nhl-2018-2019/boston-bruins-st-louis-blues-UDgSLaDe/,BOS,STL,Boston Bruins - St. Louis Blues,Finished," - Play Offs",NHL 2018/2019,2019-06-13 03:00,1560384000,1:4,1,4,"0:2, 0:0, 1:2",ML,Unibet,ML,1,1.53,{ 0},
3636908,/hockey/usa/nhl-2018-2019/boston-bruins-st-louis-blues-UDgSLaDe/,BOS,STL,Boston Bruins - St. Louis Blues,Finished," - Play Offs",NHL 2018/2019,2019-06-13 03:00,1560384000,1:4,1,4,"0:2, 0:0, 1:2",ML,Unibet,ML,2,2.55,{ 0},
3636908,/hockey/usa/nhl-2018-2019/boston-bruins-st-louis-blues-UDgSLaDe/,BOS,STL,Boston Bruins - St. Louis Blues,Finished," - Play Offs",NHL 2018/2019,2019-06-13 03:00,1560384000,1:4,1,4,"0:2, 0:0, 1:2",ML,William Hill,ML,1,1.56,{ 0},
3636908,/hockey/usa/nhl-2018-2019/boston-bruins-st-louis-blues-UDgSLaDe/,BOS,STL,Boston Bruins - St. Louis Blues,Finished," - Play Offs",NHL 2018/2019,2019-06-13 03:00,1560384000,1:4,1,4,"0:2, 0:0, 1:2",ML,William Hill,ML,2,2.6,{ 0},
